timestamp,open,high,low,close,volume
2021-05-08 17:07:00,58399.22000,58458.52000,58399.22000,58436.13000,11
2021-05-08 17:06:00,58381.93000,58400.00000,58331.96000,58396.66000,60
2021-05-08 17:05:00,58207.87000,58403.62000,58202.47000,58381.93000,73
2021-05-08 17:04:00,58170.29000,58222.62000,58139.91000,58207.87000,112
2021-05-08 17:03:00,58257.28000,58284.34000,58168.52000,58168.52000,65
2021-05-08 17:02:00,58346.63000,58359.98000,58238.02000,58257.27000,73
2021-05-08 17:01:00,58284.48000,58346.63000,58222.25000,58346.63000,116
2021-05-08 17:00:00,58381.14000,58440.71000,58281.50000,58284.48000,72
2021-05-08 16:59:00,58336.89000,58389.15000,58271.06000,58381.14000,91
2021-05-08 16:58:00,58335.87000,58396.00000,58333.14000,58336.90000,65
2021-05-08 16:57:00,58412.47000,58412.47000,58321.69000,58335.90000,42
2021-05-08 16:56:00,58468.87000,58480.00000,58386.06000,58408.77000,80
2021-05-08 16:55:00,58318.61000,58500.00000,58312.79000,58468.86000,87
2021-05-08 16:54:00,58364.11000,58373.87000,58300.00000,58318.62000,88
2021-05-08 16:53:00,58240.24000,58364.12000,58205.76000,58364.11000,60
2021-05-08 16:52:00,58204.72000,58253.35000,58204.72000,58240.24000,46
2021-05-08 16:51:00,58231.53000,58231.53000,58174.42000,58204.72000,49
2021-05-08 16:50:00,58289.01000,58307.36000,58215.84000,58231.53000,40
2021-05-08 16:49:00,58288.75000,58331.01000,58288.01000,58289.01000,37
2021-05-08 16:48:00,58280.77000,58289.99000,58243.31000,58288.75000,32
2021-05-08 16:47:00,58235.52000,58293.91000,58231.72000,58280.77000,62
2021-05-08 16:46:00,58110.62000,58242.40000,58110.62000,58235.52000,50
2021-05-08 16:45:00,58143.18000,58147.91000,58034.99000,58108.04000,63
2021-05-08 16:44:00,58126.42000,58187.12000,58126.00000,58140.78000,63
2021-05-08 16:43:00,58155.57000,58169.42000,58100.01000,58126.41000,43
2021-05-08 16:42:00,58072.88000,58162.06000,58065.81000,58155.57000,41
2021-05-08 16:41:00,58123.32000,58123.32000,58057.10000,58072.88000,39
2021-05-08 16:40:00,58055.58000,58126.60000,58055.58000,58123.33000,30
2021-05-08 16:39:00,58067.34000,58087.04000,58019.00000,58055.58000,70
2021-05-08 16:38:00,58115.80000,58173.50000,58064.97000,58067.35000,57
2021-05-08 16:37:00,58172.48000,58182.93000,58104.54000,58115.79000,36
2021-05-08 16:36:00,58096.13000,58187.10000,58096.12000,58172.48000,37
2021-05-08 16:35:00,58078.52000,58096.13000,58062.14000,58096.12000,24
2021-05-08 16:34:00,58071.75000,58109.20000,58061.18000,58078.51000,18
2021-05-08 16:33:00,58051.74000,58129.21000,58051.73000,58071.75000,28
2021-05-08 16:32:00,58021.74000,58089.98000,58021.74000,58051.73000,31
2021-05-08 16:31:00,58102.68000,58102.68000,58009.25000,58021.75000,39
2021-05-08 16:30:00,58126.52000,58165.64000,58081.52000,58102.68000,33
2021-05-08 16:29:00,58075.01000,58150.00000,58075.00000,58126.52000,34
2021-05-08 16:28:00,58077.49000,58163.97000,58072.95000,58075.01000,38
2021-05-08 16:27:00,58196.21000,58200.00000,58077.48000,58077.49000,52
2021-05-08 16:26:00,58242.90000,58257.90000,58159.37000,58196.20000,52
2021-05-08 16:25:00,58340.92000,58371.98000,58224.20000,58242.90000,78
2021-05-08 16:24:00,58279.60000,58413.74000,58200.00000,58340.92000,137
2021-05-08 16:23:00,58276.68000,58344.63000,58205.67000,58280.02000,95
2021-05-08 16:22:00,58157.92000,58284.73000,58097.96000,58276.68000,104
2021-05-08 16:21:00,58111.56000,58179.96000,58054.09000,58157.92000,62
2021-05-08 16:20:00,58071.33000,58111.57000,58054.05000,58111.57000,50
2021-05-08 16:19:00,58027.69000,58083.05000,58019.30000,58071.33000,45
2021-05-08 16:18:00,58000.06000,58093.98000,57960.37000,58027.70000,193
2021-05-08 16:17:00,58080.43000,58099.88000,57995.11000,58000.05000,46
2021-05-08 16:16:00,58167.27000,58167.28000,58054.50000,58077.64000,63
2021-05-08 16:15:00,58143.11000,58167.27000,58050.01000,58167.27000,71
2021-05-08 16:14:00,58117.40000,58183.23000,58080.91000,58143.11000,58
2021-05-08 16:13:00,58044.71000,58133.32000,57943.48000,58114.06000,94
2021-05-08 16:12:00,58115.14000,58129.33000,58039.57000,58044.71000,62
2021-05-08 16:11:00,58147.41000,58148.91000,58057.96000,58115.14000,105
2021-05-08 16:10:00,58147.86000,58226.41000,58109.44000,58147.41000,323
2021-05-08 16:09:00,58010.24000,58147.87000,58005.98000,58147.86000,150
2021-05-08 16:08:00,58073.90000,58136.15000,57941.99000,58010.15000,141
2021-05-08 16:07:00,58005.53000,58091.09000,57987.77000,58073.90000,297
2021-05-08 16:06:00,57800.00000,58045.77000,57799.99000,58008.55000,147
2021-05-08 16:05:00,57910.68000,57937.08000,57799.99000,57800.00000,119
2021-05-08 16:04:00,57901.85000,57940.00000,57801.00000,57910.67000,97
2021-05-08 16:03:00,57763.92000,57952.94000,57759.37000,57901.85000,81
2021-05-08 16:02:00,57823.49000,57828.97000,57726.86000,57768.36000,92
2021-05-08 16:01:00,57805.27000,57875.00000,57782.29000,57823.50000,147
2021-05-08 16:00:00,57599.86000,57818.18000,57560.63000,57805.26000,196
2021-05-08 15:59:00,57675.25000,57735.43000,57521.95000,57599.87000,162
2021-05-08 15:58:00,57688.57000,57700.00000,57472.95000,57671.07000,387
2021-05-08 15:57:00,57853.21000,57872.19000,57576.98000,57688.57000,193
2021-05-08 15:56:00,57787.22000,57901.07000,57765.86000,57855.64000,191
2021-05-08 15:55:00,57819.21000,57840.00000,57650.00000,57791.94000,257
2021-05-08 15:54:00,58052.87000,58094.24000,57692.30000,57815.35000,310
2021-05-08 15:53:00,58172.05000,58193.92000,58037.71000,58052.86000,137
2021-05-08 15:52:00,58172.07000,58197.40000,58124.93000,58172.04000,69
2021-05-08 15:51:00,58088.63000,58195.31000,58088.63000,58172.07000,103
2021-05-08 15:50:00,58006.11000,58100.00000,58000.52000,58088.64000,193
2021-05-08 15:49:00,58120.04000,58166.39000,57968.92000,58006.11000,199
2021-05-08 15:48:00,58205.00000,58274.92000,58067.20000,58120.04000,155
2021-05-08 15:47:00,58324.02000,58324.02000,58170.00000,58204.99000,150
2021-05-08 15:46:00,58393.78000,58409.51000,58287.53000,58324.02000,126
2021-05-08 15:45:00,58468.95000,58468.95000,58350.38000,58390.21000,140
2021-05-08 15:44:00,58460.08000,58499.41000,58433.97000,58468.95000,113
2021-05-08 15:43:00,58447.00000,58514.47000,58440.49000,58460.09000,91
2021-05-08 15:42:00,58383.70000,58481.85000,58379.32000,58447.00000,147
2021-05-08 15:41:00,58452.58000,58471.50000,58368.42000,58386.63000,118
2021-05-08 15:40:00,58340.64000,58920.59000,58322.11000,58452.59000,336
2021-05-08 15:39:00,58468.30000,58545.42000,58250.00000,58340.63000,351
2021-05-08 15:38:00,58506.58000,58510.91000,58385.82000,58468.29000,167
2021-05-08 15:37:00,58572.23000,58637.00000,58474.61000,58506.58000,103
2021-05-08 15:36:00,58640.46000,58671.96000,58572.22000,58572.22000,38
2021-05-08 15:35:00,58599.99000,58650.00000,58599.99000,58640.46000,36
2021-05-08 15:34:00,58580.31000,58623.18000,58549.99000,58599.99000,50
2021-05-08 15:33:00,58609.50000,58614.72000,58563.46000,58580.32000,30
2021-05-08 15:32:00,58625.07000,58643.42000,58600.00000,58609.50000,25
2021-05-08 15:31:00,58671.10000,58675.00000,58596.63000,58625.08000,24
2021-05-08 15:30:00,58670.95000,58731.45000,58662.28000,58671.10000,49
2021-05-08 15:29:00,58601.49000,58688.49000,58601.49000,58670.95000,44
2021-05-08 15:28:00,58623.94000,58631.99000,58601.49000,58601.49000,38
2021-05-08 15:27:00,58610.03000,58656.68000,58610.03000,58623.94000,48
2021-05-08 15:26:00,58585.95000,58650.00000,58585.93000,58610.03000,54
2021-05-08 15:25:00,58536.96000,58586.32000,58536.95000,58585.95000,31
2021-05-08 15:24:00,58517.09000,58554.81000,58515.55000,58536.95000,46
2021-05-08 15:23:00,58585.80000,58612.21000,58486.00000,58514.73000,130
2021-05-08 15:22:00,58600.89000,58600.90000,58568.54000,58585.80000,42
2021-05-08 15:21:00,58613.67000,58629.37000,58564.88000,58600.90000,63
2021-05-08 15:20:00,58530.93000,58622.84000,58500.00000,58613.70000,90
2021-05-08 15:19:00,58560.63000,58589.97000,58520.34000,58531.60000,48
2021-05-08 15:18:00,58656.94000,58656.95000,58560.63000,58560.63000,33
2021-05-08 15:17:00,58667.24000,58667.63000,58650.07000,58656.95000,27
2021-05-08 15:16:00,58625.97000,58700.00000,58607.72000,58667.23000,21
2021-05-08 15:15:00,58645.71000,58663.86000,58590.01000,58625.96000,37
2021-05-08 15:14:00,58607.95000,58691.09000,58607.95000,58645.71000,34
2021-05-08 15:13:00,58586.59000,58635.87000,58586.14000,58606.36000,50
2021-05-08 15:12:00,58662.00000,58666.11000,58536.60000,58586.59000,102
2021-05-08 15:11:00,58727.87000,58750.10000,58662.00000,58662.01000,31
2021-05-08 15:10:00,58746.64000,58746.64000,58663.15000,58727.87000,50
2021-05-08 15:09:00,58772.44000,58772.67000,58733.46000,58746.65000,32
2021-05-08 15:08:00,58746.01000,58793.68000,58732.07000,58763.15000,25
2021-05-08 15:07:00,58818.18000,58818.20000,58720.23000,58743.46000,38
2021-05-08 15:06:00,58778.51000,58818.19000,58771.12000,58818.18000,24
2021-05-08 15:05:00,58741.50000,58792.53000,58734.76000,58778.50000,29
2021-05-08 15:04:00,58757.56000,58775.27000,58729.97000,58741.49000,35
2021-05-08 15:03:00,58848.30000,58851.24000,58744.52000,58757.56000,53
2021-05-08 15:02:00,58815.20000,58867.61000,58810.28000,58847.09000,22
2021-05-08 15:01:00,58803.08000,58876.56000,58803.07000,58815.00000,31
2021-05-08 15:00:00,58947.47000,58947.48000,58803.07000,58803.08000,63
2021-05-08 14:59:00,58932.48000,58947.39000,58878.00000,58946.32000,24
2021-05-08 14:58:00,58992.86000,58999.86000,58930.02000,58932.47000,27
2021-05-08 14:57:00,58966.30000,59004.45000,58966.30000,58992.85000,23
2021-05-08 14:56:00,59010.00000,59013.95000,58951.69000,58966.30000,29
2021-05-08 14:55:00,58978.39000,59010.00000,58978.38000,59010.00000,18
2021-05-08 14:54:00,58930.00000,58983.49000,58930.00000,58978.39000,44
2021-05-08 14:53:00,58902.72000,58949.83000,58891.58000,58930.01000,28
2021-05-08 14:52:00,58913.22000,58915.51000,58860.00000,58902.72000,46
2021-05-08 14:51:00,59002.06000,59002.06000,58908.16000,58913.22000,41
2021-05-08 14:50:00,59009.98000,59020.00000,58953.44000,59002.05000,36
2021-05-08 14:49:00,59020.95000,59044.39000,59000.03000,59009.98000,34
2021-05-08 14:48:00,59003.16000,59030.00000,59003.15000,59020.96000,28
2021-05-08 14:47:00,58985.01000,59009.99000,58967.01000,59003.15000,21
2021-05-08 14:46:00,58966.37000,59024.36000,58951.90000,58985.00000,73
2021-05-08 14:45:00,58928.11000,58969.97000,58928.10000,58966.37000,44
2021-05-08 14:44:00,58948.59000,58998.99000,58917.62000,58928.11000,66
2021-05-08 14:43:00,58913.22000,58948.60000,58873.42000,58948.59000,35
2021-05-08 14:42:00,59030.90000,59030.90000,58908.19000,58913.23000,39
2021-05-08 14:41:00,59021.22000,59060.00000,59021.22000,59030.89000,33
2021-05-08 14:40:00,58964.00000,59031.79000,58961.13000,59021.22000,71
2021-05-08 14:39:00,58956.24000,58990.00000,58927.31000,58962.29000,87
2021-05-08 14:38:00,58897.00000,58995.51000,58897.00000,58958.21000,40
2021-05-08 14:37:00,58885.07000,58899.99000,58856.96000,58897.00000,56
2021-05-08 14:36:00,58840.53000,58888.00000,58840.27000,58885.06000,49
2021-05-08 14:35:00,58766.65000,58843.94000,58766.64000,58841.12000,56
2021-05-08 14:34:00,58738.52000,58767.14000,58728.01000,58766.65000,27
2021-05-08 14:33:00,58714.29000,58760.95000,58710.58000,58738.51000,44
2021-05-08 14:32:00,58767.35000,58777.21000,58714.29000,58714.30000,32
2021-05-08 14:31:00,58785.68000,58790.58000,58748.78000,58767.36000,36
2021-05-08 14:30:00,58719.01000,58799.16000,58718.00000,58785.67000,44
2021-05-08 14:29:00,58740.00000,58744.27000,58719.00000,58719.00000,30
2021-05-08 14:28:00,58721.99000,58759.96000,58704.13000,58740.01000,34
2021-05-08 14:27:00,58754.21000,58754.22000,58717.03000,58721.99000,42
2021-05-08 14:26:00,58772.65000,58777.13000,58732.03000,58754.22000,40
2021-05-08 14:25:00,58761.14000,58776.77000,58757.22000,58772.64000,26
2021-05-08 14:24:00,58755.00000,58780.00000,58737.37000,58761.13000,42
2021-05-08 14:23:00,58782.19000,58782.19000,58738.98000,58755.01000,28
2021-05-08 14:22:00,58692.93000,58782.19000,58687.30000,58782.18000,43
2021-05-08 14:21:00,58674.44000,58750.00000,58665.43000,58692.94000,59
2021-05-08 14:20:00,58645.68000,58694.00000,58625.86000,58674.43000,35
2021-05-08 14:19:00,58726.77000,58741.53000,58620.58000,58645.67000,46
2021-05-08 14:18:00,58738.17000,58746.52000,58686.17000,58726.77000,41
2021-05-08 14:17:00,58771.85000,58775.77000,58731.67000,58738.16000,35
2021-05-08 14:16:00,58756.57000,58785.86000,58739.78000,58771.84000,38
2021-05-08 14:15:00,58725.42000,58793.24000,58722.38000,58756.56000,33
2021-05-08 14:14:00,58747.37000,58754.93000,58715.04000,58725.42000,25
2021-05-08 14:13:00,58749.96000,58810.00000,58737.48000,58747.37000,63
2021-05-08 14:12:00,58728.99000,58749.96000,58677.00000,58749.96000,48
2021-05-08 14:11:00,58760.00000,58767.15000,58700.00000,58728.98000,61
2021-05-08 14:10:00,58776.69000,58801.99000,58756.01000,58760.01000,51
2021-05-08 14:09:00,58846.25000,58846.26000,58750.40000,58776.70000,55
2021-05-08 14:08:00,58768.56000,58850.00000,58765.48000,58849.99000,51
2021-05-08 14:07:00,58764.32000,58815.72000,58722.83000,58768.56000,62
2021-05-08 14:06:00,58699.99000,58797.97000,58699.77000,58764.32000,69
2021-05-08 14:05:00,58634.26000,58776.71000,58629.69000,58699.99000,91
2021-05-08 14:04:00,58705.94000,58750.00000,58601.00000,58638.07000,82
2021-05-08 14:03:00,58800.99000,58843.23000,58687.05000,58705.93000,89
2021-05-08 14:02:00,58860.90000,58860.92000,58747.59000,58801.00000,90
2021-05-08 14:01:00,58887.08000,58927.85000,58846.64000,58860.89000,53
2021-05-08 14:00:00,58828.26000,58967.20000,58805.20000,58899.39000,88
2021-05-08 13:59:00,58853.99000,58945.51000,58802.20000,58828.25000,81
2021-05-08 13:58:00,58867.58000,58934.05000,58776.88000,58853.99000,161
2021-05-08 13:57:00,58913.18000,58966.14000,58856.48000,58867.58000,89
2021-05-08 13:56:00,58980.00000,59019.25000,58845.20000,58910.14000,202
2021-05-08 13:55:00,59029.39000,59049.99000,58935.97000,58980.00000,126
2021-05-08 13:54:00,59110.28000,59110.28000,59002.00000,59029.39000,75
2021-05-08 13:53:00,59191.14000,59217.34000,59106.41000,59110.28000,71
2021-05-08 13:52:00,59269.87000,59269.87000,59171.69000,59191.14000,46
2021-05-08 13:51:00,59232.82000,59276.00000,59192.77000,59269.86000,57
2021-05-08 13:50:00,59197.96000,59238.65000,59187.01000,59232.82000,58
2021-05-08 13:49:00,59075.75000,59221.12000,59075.75000,59197.97000,91
2021-05-08 13:48:00,59117.44000,59171.95000,59059.67000,59075.75000,81
2021-05-08 13:47:00,59167.97000,59182.53000,59094.70000,59117.45000,96
2021-05-08 13:46:00,59221.15000,59234.28000,59127.02000,59167.97000,91
2021-05-08 13:45:00,59323.68000,59366.83000,59198.59000,59221.15000,86
2021-05-08 13:44:00,59402.23000,59435.67000,59275.78000,59323.67000,90
2021-05-08 13:43:00,59402.09000,59431.06000,59380.01000,59402.23000,108
2021-05-08 13:42:00,59380.01000,59438.64000,59336.68000,59402.08000,182
2021-05-08 13:41:00,59348.46000,59400.00000,59336.68000,59380.01000,165
2021-05-08 13:40:00,59298.99000,59362.98000,59278.98000,59348.45000,168
2021-05-08 13:39:00,59243.26000,59298.71000,59233.90000,59298.71000,55
2021-05-08 13:38:00,59257.39000,59277.14000,59231.56000,59234.14000,67
2021-05-08 13:37:00,59267.91000,59271.52000,59221.11000,59257.38000,60
2021-05-08 13:36:00,59287.96000,59292.24000,59200.21000,59267.91000,117
2021-05-08 13:35:00,59160.19000,59288.00000,59133.36000,59287.97000,117
2021-05-08 13:34:00,59168.57000,59181.86000,59109.67000,59160.19000,84
2021-05-08 13:33:00,59117.06000,59172.08000,59072.31000,59168.57000,80
2021-05-08 13:32:00,59194.85000,59213.24000,59104.88000,59118.55000,58
2021-05-08 13:31:00,59268.10000,59275.01000,59128.14000,59194.85000,86
2021-05-08 13:30:00,59223.73000,59275.01000,59223.73000,59268.10000,75
2021-05-08 13:29:00,59178.47000,59250.00000,59178.46000,59223.73000,114
2021-05-08 13:28:00,59128.15000,59200.00000,59128.15000,59178.47000,82
2021-05-08 13:27:00,59114.40000,59133.60000,59064.37000,59128.15000,143
2021-05-08 13:26:00,59108.18000,59114.40000,59040.00000,59114.40000,63
2021-05-08 13:25:00,59062.48000,59144.97000,59055.36000,59108.18000,78
2021-05-08 13:24:00,58976.57000,59077.44000,58967.35000,59062.48000,39
2021-05-08 13:23:00,58984.49000,58992.09000,58949.88000,58976.57000,35
2021-05-08 13:22:00,58946.64000,59000.00000,58926.78000,58984.49000,89
2021-05-08 13:21:00,59041.63000,59041.64000,58931.59000,58946.64000,66
2021-05-08 13:20:00,58939.41000,59041.64000,58934.16000,59041.63000,80
2021-05-08 13:19:00,59015.94000,59018.66000,58930.95000,58939.41000,48
2021-05-08 13:18:00,59039.14000,59041.64000,58975.07000,59015.94000,36
2021-05-08 13:17:00,59090.41000,59090.42000,59009.99000,59036.55000,49
2021-05-08 13:16:00,59052.03000,59100.00000,59052.03000,59090.41000,56
2021-05-08 13:15:00,58942.18000,59071.86000,58940.23000,59052.02000,72
2021-05-08 13:14:00,58986.98000,59028.20000,58904.69000,58942.18000,47
2021-05-08 13:13:00,58949.98000,59017.88000,58949.98000,58986.98000,51
2021-05-08 13:12:00,58880.78000,58950.00000,58880.78000,58949.98000,45
2021-05-08 13:11:00,58831.46000,58887.31000,58831.46000,58876.81000,29
2021-05-08 13:10:00,58767.06000,58831.47000,58746.37000,58831.46000,57
2021-05-08 13:09:00,58844.21000,58864.27000,58761.09000,58767.06000,21
2021-05-08 13:08:00,58721.63000,58862.92000,58721.62000,58844.20000,42
2021-05-08 13:07:00,58754.52000,58754.59000,58700.00000,58721.62000,24
2021-05-08 13:06:00,58766.86000,58783.42000,58752.19000,58752.39000,41
2021-05-08 13:05:00,58762.52000,58804.32000,58761.00000,58769.67000,44
2021-05-08 13:04:00,58820.78000,58840.00000,58761.45000,58762.52000,51
2021-05-08 13:03:00,58855.65000,58856.69000,58808.96000,58820.77000,30
2021-05-08 13:02:00,58885.04000,58887.34000,58826.50000,58855.65000,46
2021-05-08 13:01:00,58952.24000,59004.26000,58851.01000,58884.54000,121
2021-05-08 13:00:00,58862.80000,58979.58000,58862.80000,58950.80000,109
2021-05-08 12:59:00,58769.43000,58888.00000,58758.38000,58862.79000,77
2021-05-08 12:58:00,58744.77000,58770.84000,58700.00000,58769.42000,30
2021-05-08 12:57:00,58755.75000,58800.00000,58742.39000,58744.78000,44
2021-05-08 12:56:00,58807.77000,58850.00000,58748.49000,58755.74000,74
2021-05-08 12:55:00,58840.55000,58846.84000,58780.00000,58807.78000,51
2021-05-08 12:54:00,58820.00000,58889.62000,58782.96000,58840.56000,38
2021-05-08 12:53:00,58925.80000,58935.57000,58800.00000,58820.00000,94
2021-05-08 12:52:00,59085.88000,59089.34000,58919.91000,58925.80000,88
2021-05-08 12:51:00,58962.47000,59118.30000,58956.90000,59085.87000,270
2021-05-08 12:50:00,58886.98000,58968.13000,58874.37000,58962.47000,94
2021-05-08 12:49:00,58774.99000,58887.00000,58772.29000,58886.98000,43
2021-05-08 12:48:00,58799.99000,58814.30000,58756.02000,58774.99000,58
2021-05-08 12:47:00,58729.21000,58800.00000,58729.20000,58800.00000,40
2021-05-08 12:46:00,58666.90000,58731.31000,58666.90000,58729.20000,54
2021-05-08 12:45:00,58628.25000,58675.54000,58628.24000,58666.89000,33
2021-05-08 12:44:00,58586.66000,58637.67000,58582.01000,58628.25000,36
2021-05-08 12:43:00,58482.03000,58599.99000,58482.03000,58586.80000,34
2021-05-08 12:42:00,58467.28000,58499.34000,58431.81000,58483.63000,35
2021-05-08 12:41:00,58495.00000,58519.37000,58467.27000,58467.28000,23
2021-05-08 12:40:00,58568.95000,58568.96000,58495.00000,58495.01000,36
2021-05-08 12:39:00,58568.61000,58595.35000,58560.27000,58568.95000,31
2021-05-08 12:38:00,58608.18000,58618.88000,58556.83000,58576.60000,31
2021-05-08 12:37:00,58644.02000,58644.03000,58600.07000,58608.17000,44
2021-05-08 12:36:00,58700.17000,58700.17000,58638.34000,58644.02000,30
2021-05-08 12:35:00,58722.62000,58746.12000,58672.29000,58703.96000,44
2021-05-08 12:34:00,58672.28000,58744.55000,58668.00000,58722.62000,46
2021-05-08 12:33:00,58624.27000,58673.34000,58586.45000,58672.29000,52
2021-05-08 12:32:00,58634.02000,58642.12000,58603.23000,58624.27000,50
2021-05-08 12:31:00,58588.97000,58650.00000,58580.43000,58634.03000,57
2021-05-08 12:30:00,58539.82000,58589.74000,58488.05000,58588.97000,65
2021-05-08 12:29:00,58460.60000,58541.67000,58460.60000,58539.82000,105
2021-05-08 12:28:00,58473.61000,58476.65000,58418.34000,58460.60000,36
2021-05-08 12:27:00,58430.59000,58495.70000,58430.58000,58473.61000,28
2021-05-08 12:26:00,58430.01000,58459.99000,58381.53000,58430.59000,52
2021-05-08 12:25:00,58478.68000,58495.72000,58407.25000,58430.00000,37
2021-05-08 12:24:00,58444.52000,58483.75000,58435.17000,58482.01000,29
2021-05-08 12:23:00,58464.10000,58483.78000,58441.19000,58444.52000,32
2021-05-08 12:22:00,58443.03000,58474.13000,58441.06000,58464.11000,18
2021-05-08 12:21:00,58450.00000,58450.01000,58404.61000,58443.03000,26
2021-05-08 12:20:00,58424.15000,58495.72000,58419.61000,58450.00000,42
2021-05-08 12:19:00,58405.07000,58437.61000,58373.34000,58424.16000,25
2021-05-08 12:18:00,58449.98000,58463.22000,58390.65000,58405.08000,38
2021-05-08 12:17:00,58387.64000,58463.19000,58387.63000,58449.97000,19
2021-05-08 12:16:00,58338.43000,58405.26000,58334.96000,58387.64000,20
2021-05-08 12:15:00,58337.12000,58377.29000,58306.13000,58338.43000,33
2021-05-08 12:14:00,58377.59000,58380.37000,58318.58000,58337.11000,32
2021-05-08 12:13:00,58386.46000,58395.32000,58350.89000,58377.59000,30
2021-05-08 12:12:00,58429.65000,58429.65000,58382.17000,58386.47000,28
2021-05-08 12:11:00,58482.46000,58482.46000,58408.03000,58429.64000,22
2021-05-08 12:10:00,58478.38000,58496.83000,58478.37000,58482.46000,20
2021-05-08 12:09:00,58418.04000,58483.14000,58403.03000,58478.37000,27
2021-05-08 12:08:00,58454.54000,58454.55000,58418.03000,58418.04000,20
2021-05-08 12:07:00,58436.79000,58488.83000,58396.44000,58454.54000,35
2021-05-08 12:06:00,58331.97000,58445.29000,58331.95000,58436.79000,38
2021-05-08 12:05:00,58390.11000,58393.84000,58308.00000,58331.97000,50
2021-05-08 12:04:00,58359.41000,58457.11000,58340.56000,58390.11000,55
2021-05-08 12:03:00,58275.80000,58395.75000,58243.48000,58359.41000,64
2021-05-08 12:02:00,58400.01000,58417.68000,58213.76000,58271.65000,112
2021-05-08 12:01:00,58491.97000,58493.57000,58390.00000,58400.02000,66
2021-05-08 12:00:00,58556.09000,58604.19000,58491.96000,58494.58000,50
2021-05-08 11:59:00,58534.19000,58560.00000,58519.81000,58556.09000,34
2021-05-08 11:58:00,58564.52000,58572.00000,58529.88000,58534.18000,37
2021-05-08 11:57:00,58577.60000,58616.50000,58554.41000,58564.53000,29
2021-05-08 11:56:00,58620.76000,58621.94000,58565.88000,58577.60000,38
2021-05-08 11:55:00,58705.91000,58705.91000,58616.50000,58620.76000,33
2021-05-08 11:54:00,58702.91000,58714.54000,58677.00000,58705.91000,14
2021-05-08 11:53:00,58693.51000,58711.56000,58693.51000,58702.92000,15
2021-05-08 11:52:00,58674.56000,58708.90000,58667.60000,58693.51000,15
2021-05-08 11:51:00,58645.43000,58710.26000,58622.99000,58674.57000,28
2021-05-08 11:50:00,58734.93000,58734.94000,58645.09000,58645.43000,30
2021-05-08 11:49:00,58749.96000,58750.00000,58710.06000,58734.94000,21
2021-05-08 11:48:00,58788.11000,58788.12000,58710.90000,58746.82000,31
2021-05-08 11:47:00,58766.68000,58802.09000,58766.67000,58788.11000,39
2021-05-08 11:46:00,58703.51000,58790.21000,58691.32000,58766.68000,32
2021-05-08 11:45:00,58614.68000,58710.52000,58612.31000,58707.08000,41
2021-05-08 11:44:00,58584.94000,58624.72000,58572.44000,58614.69000,24
2021-05-08 11:43:00,58527.01000,58585.00000,58524.71000,58584.95000,24
2021-05-08 11:42:00,58474.95000,58527.27000,58458.45000,58527.02000,13
2021-05-08 11:41:00,58500.00000,58509.02000,58350.00000,58474.95000,58
2021-05-08 11:40:00,58564.09000,58579.52000,58500.00000,58500.00000,20
2021-05-08 11:39:00,58567.78000,58574.67000,58564.09000,58564.10000,13
2021-05-08 11:38:00,58626.25000,58642.82000,58567.77000,58567.78000,28
2021-05-08 11:37:00,58641.86000,58650.00000,58620.82000,58626.24000,16
2021-05-08 11:36:00,58611.91000,58647.66000,58593.80000,58641.86000,38
2021-05-08 11:35:00,58604.32000,58612.57000,58595.07000,58611.92000,17
2021-05-08 11:34:00,58613.03000,58613.77000,58590.23000,58606.62000,14
2021-05-08 11:33:00,58589.32000,58620.47000,58586.27000,58613.04000,20
2021-05-08 11:32:00,58583.58000,58600.00000,58581.30000,58589.32000,17
2021-05-08 11:31:00,58600.00000,58604.23000,58579.30000,58583.58000,14
2021-05-08 11:30:00,58583.28000,58604.25000,58583.27000,58600.00000,25
2021-05-08 11:29:00,58523.01000,58589.00000,58520.01000,58583.27000,42
2021-05-08 11:28:00,58519.53000,58549.99000,58518.58000,58523.00000,20
2021-05-08 11:27:00,58564.63000,58569.93000,58519.52000,58519.52000,13
2021-05-08 11:26:00,58524.97000,58584.01000,58518.82000,58564.63000,25
2021-05-08 11:25:00,58516.15000,58531.02000,58473.86000,58524.97000,16
2021-05-08 11:24:00,58564.99000,58589.77000,58509.93000,58516.14000,24
2021-05-08 11:23:00,58608.96000,58617.07000,58560.03000,58565.45000,32
2021-05-08 11:22:00,58613.90000,58620.23000,58551.02000,58605.37000,49
2021-05-08 11:21:00,58568.76000,58615.45000,58528.61000,58613.89000,53
2021-05-08 11:20:00,58515.99000,58571.36000,58500.00000,58568.77000,15
2021-05-08 11:19:00,58445.00000,58541.30000,58445.00000,58515.98000,25
2021-05-08 11:18:00,58492.23000,58503.19000,58408.98000,58445.00000,56
2021-05-08 11:17:00,58593.78000,58593.78000,58484.10000,58492.24000,53
2021-05-08 11:16:00,58607.06000,58607.59000,58581.00000,58593.78000,17
2021-05-08 11:15:00,58583.45000,58615.51000,58583.44000,58607.11000,23
2021-05-08 11:14:00,58566.58000,58596.03000,58566.57000,58583.53000,34
2021-05-08 11:13:00,58546.92000,58569.56000,58540.00000,58566.58000,22
2021-05-08 11:12:00,58580.01000,58580.01000,58521.91000,58546.92000,31
2021-05-08 11:11:00,58584.22000,58594.31000,58553.46000,58580.01000,25
2021-05-08 11:10:00,58588.31000,58590.12000,58576.83000,58584.22000,13
2021-05-08 11:09:00,58566.31000,58593.99000,58561.00000,58588.31000,24
2021-05-08 11:08:00,58570.95000,58579.59000,58562.00000,58563.54000,11
2021-05-08 11:07:00,58590.67000,58611.01000,58541.00000,58570.95000,19
2021-05-08 11:06:00,58551.10000,58590.68000,58549.40000,58590.67000,27
2021-05-08 11:05:00,58552.87000,58555.00000,58500.49000,58551.10000,30
2021-05-08 11:04:00,58573.47000,58580.05000,58552.87000,58552.88000,12
2021-05-08 11:03:00,58516.40000,58579.93000,58486.28000,58573.47000,19
2021-05-08 11:02:00,58600.00000,58600.00000,58510.31000,58516.40000,54
2021-05-08 11:01:00,58594.99000,58620.39000,58593.00000,58600.00000,36
2021-05-08 11:00:00,58539.56000,58595.00000,58539.56000,58594.99000,54
2021-05-08 10:59:00,58527.77000,58540.00000,58505.01000,58539.56000,13
2021-05-08 10:58:00,58500.07000,58557.14000,58479.06000,58527.76000,19
2021-05-08 10:57:00,58550.01000,58572.61000,58500.05000,58502.65000,32
2021-05-08 10:56:00,58502.61000,58568.95000,58502.60000,58550.01000,24
2021-05-08 10:55:00,58520.68000,58550.00000,58500.00000,58502.61000,21
2021-05-08 10:54:00,58452.10000,58520.71000,58452.10000,58520.69000,29
2021-05-08 10:53:00,58458.46000,58491.20000,58424.12000,58452.10000,31
2021-05-08 10:52:00,58425.20000,58458.46000,58368.09000,58458.46000,47
2021-05-08 10:51:00,58473.95000,58484.76000,58305.00000,58425.21000,129
2021-05-08 10:50:00,58503.21000,58503.22000,58453.38000,58473.95000,27
2021-05-08 10:49:00,58511.84000,58525.00000,58499.35000,58503.21000,19
2021-05-08 10:48:00,58570.01000,58570.01000,58490.85000,58511.81000,28
2021-05-08 10:47:00,58494.03000,58570.01000,58472.99000,58570.01000,27
2021-05-08 10:46:00,58495.83000,58507.12000,58417.46000,58494.03000,29
2021-05-08 10:45:00,58413.36000,58510.03000,58363.63000,58495.83000,132
2021-05-08 10:44:00,58535.73000,58535.73000,58413.35000,58413.36000,134
2021-05-08 10:43:00,58561.84000,58579.83000,58532.56000,58535.75000,41
2021-05-08 10:42:00,58566.77000,58592.06000,58550.00000,58561.85000,34
2021-05-08 10:41:00,58668.89000,58668.89000,58516.23000,58566.78000,101
2021-05-08 10:40:00,58770.63000,58772.99000,58668.89000,58668.89000,44
2021-05-08 10:39:00,58750.00000,58788.46000,58726.86000,58770.63000,27
2021-05-08 10:38:00,58713.97000,58785.71000,58703.03000,58750.00000,31
2021-05-08 10:37:00,58717.29000,58717.29000,58699.97000,58713.97000,24
2021-05-08 10:36:00,58724.08000,58734.22000,58695.01000,58717.28000,15
2021-05-08 10:35:00,58688.05000,58724.08000,58681.31000,58724.07000,37
2021-05-08 10:34:00,58771.13000,58771.13000,58688.00000,58688.05000,22
2021-05-08 10:33:00,58828.28000,58828.28000,58752.89000,58771.12000,51
2021-05-08 10:32:00,58887.99000,58887.99000,58822.89000,58828.29000,44
2021-05-08 10:31:00,58833.41000,58888.00000,58825.77000,58888.00000,26
2021-05-08 10:30:00,58806.44000,58838.26000,58789.05000,58833.42000,28
2021-05-08 10:29:00,58809.75000,58814.99000,58780.00000,58806.44000,23
2021-05-08 10:28:00,58799.48000,58812.48000,58784.63000,58806.98000,31
2021-05-08 10:27:00,58747.79000,58804.00000,58747.79000,58799.49000,63
2021-05-08 10:26:00,58745.07000,58748.69000,58724.46000,58747.79000,39
2021-05-08 10:25:00,58744.07000,58750.00000,58714.92000,58745.03000,37
2021-05-08 10:24:00,58719.99000,58748.04000,58708.13000,58744.08000,34
2021-05-08 10:23:00,58644.42000,58720.55000,58640.01000,58719.99000,31
2021-05-08 10:22:00,58689.98000,58689.98000,58640.63000,58644.42000,33
2021-05-08 10:21:00,58691.53000,58699.20000,58676.37000,58689.98000,19
2021-05-08 10:20:00,58742.14000,58742.15000,58676.40000,58691.54000,31
2021-05-08 10:19:00,58733.82000,58760.00000,58724.59000,58742.14000,30
2021-05-08 10:18:00,58693.96000,58734.42000,58657.90000,58733.84000,42
2021-05-08 10:17:00,58718.99000,58722.89000,58690.01000,58693.97000,23
2021-05-08 10:16:00,58658.20000,58749.32000,58658.20000,58719.00000,35
2021-05-08 10:15:00,58658.14000,58658.21000,58623.93000,58658.21000,22
2021-05-08 10:14:00,58650.32000,58675.95000,58632.78000,58658.14000,34
2021-05-08 10:13:00,58735.47000,58735.47000,58620.01000,58651.98000,73
2021-05-08 10:12:00,58757.15000,58762.00000,58723.59000,58735.46000,31
2021-05-08 10:11:00,58743.92000,58794.74000,58721.76000,58760.10000,57
2021-05-08 10:10:00,58732.09000,58749.91000,58709.54000,58743.92000,39
2021-05-08 10:09:00,58752.50000,58767.28000,58732.07000,58732.09000,35
2021-05-08 10:08:00,58734.41000,58756.89000,58728.52000,58752.51000,14
2021-05-08 10:07:00,58720.10000,58749.98000,58713.92000,58734.93000,23
2021-05-08 10:06:00,58731.75000,58731.76000,58700.00000,58720.09000,31
2021-05-08 10:05:00,58716.63000,58754.00000,58716.55000,58731.76000,22
2021-05-08 10:04:00,58749.99000,58750.00000,58702.00000,58716.63000,32
2021-05-08 10:03:00,58760.80000,58773.87000,58748.28000,58750.00000,28
2021-05-08 10:02:00,58744.26000,58773.85000,58741.33000,58760.81000,25
2021-05-08 10:01:00,58790.81000,58807.00000,58738.77000,58744.26000,45
2021-05-08 10:00:00,58800.00000,58817.37000,58783.00000,58790.82000,24
2021-05-08 09:59:00,58814.66000,58820.00000,58773.43000,58799.99000,27
2021-05-08 09:58:00,58809.33000,58824.21000,58780.73000,58810.77000,31
2021-05-08 09:57:00,58845.85000,58845.86000,58775.24000,58809.33000,26
2021-05-08 09:56:00,58799.99000,58845.86000,58799.76000,58845.85000,19
2021-05-08 09:55:00,58814.98000,58814.99000,58761.86000,58799.99000,23
2021-05-08 09:54:00,58822.96000,58823.03000,58773.17000,58814.99000,28
2021-05-08 09:53:00,58773.61000,58845.87000,58758.89000,58822.97000,41
2021-05-08 09:52:00,58779.38000,58780.00000,58733.13000,58773.61000,42
2021-05-08 09:51:00,58661.01000,58785.23000,58661.00000,58779.39000,60
2021-05-08 09:50:00,58667.08000,58684.85000,58652.35000,58661.02000,25
2021-05-08 09:49:00,58687.76000,58716.56000,58666.30000,58667.08000,32
2021-05-08 09:48:00,58679.04000,58778.15000,58675.11000,58687.75000,51
2021-05-08 09:47:00,58824.36000,58824.37000,58666.00000,58679.03000,72
2021-05-08 09:46:00,58807.30000,58848.64000,58806.03000,58824.37000,25
2021-05-08 09:45:00,58761.21000,58812.50000,58761.21000,58807.29000,30
2021-05-08 09:44:00,58814.99000,58815.00000,58760.00000,58761.21000,45
2021-05-08 09:43:00,58777.78000,58822.80000,58775.94000,58814.99000,28
2021-05-08 09:42:00,58835.26000,58835.27000,58777.77000,58777.78000,42
2021-05-08 09:41:00,58864.85000,58864.86000,58809.14000,58835.27000,39
2021-05-08 09:40:00,58942.25000,58950.00000,58846.86000,58864.85000,32
2021-05-08 09:39:00,58835.65000,58942.24000,58832.99000,58942.24000,54
2021-05-08 09:38:00,58839.50000,58840.00000,58832.18000,58835.66000,27
2021-05-08 09:37:00,58793.63000,58845.60000,58789.29000,58839.50000,51
2021-05-08 09:36:00,58818.07000,58841.27000,58788.51000,58793.62000,41
2021-05-08 09:35:00,58823.60000,58834.62000,58814.47000,58818.07000,28
2021-05-08 09:34:00,58770.84000,58823.64000,58760.10000,58823.59000,39
2021-05-08 09:33:00,58803.87000,58828.62000,58760.18000,58770.85000,41
2021-05-08 09:32:00,58981.01000,58981.02000,58803.54000,58803.87000,89
2021-05-08 09:31:00,58989.05000,59012.22000,58979.13000,58981.02000,37
2021-05-08 09:30:00,59098.70000,59100.97000,58973.68000,58987.81000,67
2021-05-08 09:29:00,59121.71000,59152.74000,59086.75000,59098.70000,88
2021-05-08 09:28:00,59078.00000,59130.82000,59065.22000,59121.72000,44
2021-05-08 09:27:00,59093.23000,59173.30000,59063.51000,59076.15000,148
2021-05-08 09:26:00,58965.17000,59098.04000,58961.95000,59092.90000,87
2021-05-08 09:25:00,58897.11000,58988.83000,58896.39000,58965.17000,70
2021-05-08 09:24:00,58849.99000,58897.11000,58846.00000,58897.10000,23
2021-05-08 09:23:00,58866.01000,58866.02000,58825.38000,58849.99000,33
2021-05-08 09:22:00,58834.96000,58877.48000,58834.95000,58866.02000,34
2021-05-08 09:21:00,58799.93000,58852.00000,58777.01000,58836.83000,42
2021-05-08 09:20:00,58835.48000,58835.49000,58780.24000,58799.93000,37
2021-05-08 09:19:00,58844.11000,58857.13000,58815.94000,58835.48000,41
2021-05-08 09:18:00,58790.48000,58860.74000,58785.26000,58844.11000,59
2021-05-08 09:17:00,58696.46000,58799.99000,58689.73000,58790.48000,48
2021-05-08 09:16:00,58728.11000,58729.99000,58677.54000,58696.47000,46
2021-05-08 09:15:00,58649.14000,58797.65000,58649.14000,58728.12000,84
2021-05-08 09:14:00,58668.09000,58680.00000,58636.62000,58649.13000,36
2021-05-08 09:13:00,58697.99000,58697.99000,58632.80000,58668.09000,63
2021-05-08 09:12:00,58742.61000,58744.98000,58697.98000,58697.99000,40
2021-05-08 09:11:00,58744.23000,58759.11000,58739.08000,58742.61000,31
2021-05-08 09:10:00,58764.47000,58764.48000,58726.73000,58744.23000,43
2021-05-08 09:09:00,58736.94000,58770.00000,58730.01000,58764.48000,62
2021-05-08 09:08:00,58781.05000,58781.06000,58722.84000,58736.94000,49
2021-05-08 09:07:00,58790.66000,58790.66000,58705.19000,58783.75000,97
2021-05-08 09:06:00,58802.60000,58818.47000,58760.00000,58790.66000,41
2021-05-08 09:05:00,58800.84000,58848.44000,58795.06000,58802.61000,48
2021-05-08 09:04:00,58858.38000,58875.04000,58790.00000,58800.84000,55
2021-05-08 09:03:00,58806.29000,58886.07000,58800.00000,58858.38000,59
2021-05-08 09:02:00,58863.58000,58874.55000,58730.67000,58806.29000,117
2021-05-08 09:01:00,58967.90000,58971.62000,58850.79000,58862.96000,94
2021-05-08 09:00:00,58856.57000,58971.61000,58856.56000,58967.90000,56
2021-05-08 08:59:00,58805.52000,58880.00000,58787.64000,58856.56000,72
2021-05-08 08:58:00,58842.82000,58845.00000,58789.00000,58805.52000,65
2021-05-08 08:57:00,58887.12000,58887.12000,58807.00000,58842.82000,54
2021-05-08 08:56:00,58930.17000,58930.17000,58880.00000,58887.11000,40
2021-05-08 08:55:00,58907.22000,58953.02000,58892.40000,58930.17000,40
2021-05-08 08:54:00,58884.63000,58943.07000,58872.81000,58907.21000,51
2021-05-08 08:53:00,58984.48000,59029.17000,58884.63000,58884.64000,57
2021-05-08 08:52:00,58955.50000,58993.86000,58931.90000,58984.47000,46
2021-05-08 08:51:00,58935.09000,58980.62000,58919.62000,58955.49000,66
2021-05-08 08:50:00,58900.00000,58949.47000,58897.13000,58935.09000,66
2021-05-08 08:49:00,58844.77000,58900.00000,58840.00000,58899.99000,75
2021-05-08 08:48:00,58933.80000,58933.80000,58785.00000,58844.76000,120
2021-05-08 08:47:00,58986.56000,58986.56000,58883.10000,58933.80000,104
2021-05-08 08:46:00,59014.89000,59033.49000,58983.29000,58986.56000,43
2021-05-08 08:45:00,59070.01000,59070.01000,59004.19000,59014.89000,64
2021-05-08 08:44:00,59099.00000,59115.00000,59050.43000,59070.00000,68
2021-05-08 08:43:00,59065.96000,59099.00000,59055.28000,59098.99000,58
2021-05-08 08:42:00,59062.85000,59126.83000,59054.57000,59065.96000,66
2021-05-08 08:41:00,59016.69000,59100.00000,59003.48000,59062.85000,118
2021-05-08 08:40:00,59089.82000,59140.48000,59003.48000,59016.69000,89
2021-05-08 08:39:00,59145.51000,59168.00000,59010.49000,59089.82000,109
2021-05-08 08:38:00,59232.57000,59232.58000,59128.36000,59146.12000,87
2021-05-08 08:37:00,59301.61000,59301.62000,59170.33000,59232.58000,82
2021-05-08 08:36:00,59277.82000,59345.00000,59277.82000,59301.61000,99
2021-05-08 08:35:00,59265.04000,59294.15000,59222.01000,59277.82000,50
2021-05-08 08:34:00,59275.59000,59320.59000,59254.11000,59265.04000,60
2021-05-08 08:33:00,59240.28000,59275.59000,59212.57000,59275.59000,72
2021-05-08 08:32:00,59181.67000,59273.74000,59174.13000,59240.28000,95
2021-05-08 08:31:00,59196.37000,59223.58000,59171.14000,59181.68000,58
2021-05-08 08:30:00,59161.62000,59285.69000,59161.61000,59196.37000,94
2021-05-08 08:29:00,59176.23000,59192.49000,59138.15000,59161.61000,72
2021-05-08 08:28:00,59152.97000,59198.22000,59151.25000,59176.23000,53
2021-05-08 08:27:00,59048.69000,59187.97000,59046.73000,59152.96000,118
2021-05-08 08:26:00,59130.91000,59163.30000,58990.83000,59048.69000,171
2021-05-08 08:25:00,59218.09000,59293.73000,59128.31000,59132.16000,124
2021-05-08 08:24:00,59270.60000,59279.46000,59162.16000,59218.10000,109
2021-05-08 08:23:00,59295.88000,59362.60000,59258.48000,59270.60000,120
2021-05-08 08:22:00,59303.65000,59355.12000,59250.00000,59296.75000,132
2021-05-08 08:21:00,59290.38000,59379.26000,59270.01000,59303.65000,179
2021-05-08 08:20:00,59349.09000,59350.00000,59254.09000,59290.38000,139
2021-05-08 08:19:00,59267.21000,59350.00000,59254.16000,59349.10000,127
2021-05-08 08:18:00,59247.75000,59321.97000,59169.53000,59267.22000,224
2021-05-08 08:17:00,59204.68000,59248.00000,59100.56000,59247.75000,121
2021-05-08 08:16:00,59118.12000,59232.00000,59075.29000,59220.09000,158
2021-05-08 08:15:00,58968.22000,59147.00000,58948.56000,59118.13000,281
2021-05-08 08:14:00,58911.34000,59000.00000,58901.00000,58968.21000,350
2021-05-08 08:13:00,58894.39000,58943.00000,58879.16000,58911.33000,81
2021-05-08 08:12:00,58778.29000,58943.37000,58775.14000,58894.39000,69
2021-05-08 08:11:00,58842.00000,58849.00000,58710.96000,58778.28000,96
2021-05-08 08:10:00,58832.78000,58895.00000,58806.75000,58842.00000,67
2021-05-08 08:09:00,58845.00000,58860.00000,58832.85000,58834.59000,37
2021-05-08 08:08:00,58812.50000,58886.08000,58806.86000,58845.21000,33
2021-05-08 08:07:00,58793.63000,58849.99000,58793.63000,58812.50000,68
2021-05-08 08:06:00,58866.41000,58884.36000,58745.64000,58791.53000,77
2021-05-08 08:05:00,58895.65000,58949.99000,58805.61000,58860.10000,111
2021-05-08 08:04:00,58803.88000,58959.79000,58755.57000,58896.70000,193
2021-05-08 08:03:00,58746.80000,58908.50000,58734.42000,58803.88000,344
2021-05-08 08:02:00,58684.77000,58798.00000,58664.00000,58749.43000,144
2021-05-08 08:01:00,58529.51000,58794.54000,58529.51000,58684.77000,330
2021-05-08 08:00:00,58463.06000,58553.27000,58458.29000,58529.51000,91
2021-05-08 07:59:00,58446.68000,58491.96000,58373.15000,58463.06000,88
2021-05-08 07:58:00,58508.86000,58540.01000,58424.39000,58446.69000,100
2021-05-08 07:57:00,58416.89000,58508.87000,58416.88000,58508.86000,78
2021-05-08 07:56:00,58435.21000,58438.65000,58400.01000,58416.88000,42
2021-05-08 07:55:00,58406.65000,58460.27000,58374.82000,58435.50000,53
2021-05-08 07:54:00,58388.76000,58415.00000,58357.65000,58406.64000,57
2021-05-08 07:53:00,58437.50000,58437.50000,58383.00000,58386.28000,40
2021-05-08 07:52:00,58431.14000,58445.54000,58401.16000,58437.49000,53
2021-05-08 07:51:00,58383.47000,58434.68000,58367.95000,58431.13000,41
2021-05-08 07:50:00,58410.46000,58448.79000,58363.35000,58383.47000,46
2021-05-08 07:49:00,58481.57000,58481.58000,58353.01000,58411.22000,53
2021-05-08 07:48:00,58422.55000,58500.48000,58412.24000,58487.01000,192
2021-05-08 07:47:00,58481.49000,58494.16000,58360.00000,58422.41000,131
2021-05-08 07:46:00,58229.99000,58500.00000,58229.98000,58481.48000,278
2021-05-08 07:45:00,58186.38000,58229.99000,58186.28000,58229.98000,31
2021-05-08 07:44:00,58181.04000,58200.71000,58181.04000,58186.37000,20
2021-05-08 07:43:00,58221.64000,58224.49000,58161.85000,58181.04000,24
2021-05-08 07:42:00,58175.86000,58221.64000,58160.41000,58221.63000,29
2021-05-08 07:41:00,58155.20000,58175.89000,58142.40000,58175.86000,26
2021-05-08 07:40:00,58106.71000,58193.03000,58106.68000,58193.03000,57
2021-05-08 07:39:00,58119.66000,58119.66000,58100.59000,58106.71000,19
2021-05-08 07:38:00,58127.99000,58163.50000,58104.39000,58119.66000,21
2021-05-08 07:37:00,58210.74000,58229.99000,58110.02000,58128.00000,21
2021-05-08 07:36:00,58163.89000,58210.75000,58105.09000,58210.74000,46
2021-05-08 07:35:00,58179.96000,58187.73000,58156.86000,58163.89000,34
2021-05-08 07:34:00,58199.98000,58199.98000,58161.25000,58179.96000,19
2021-05-08 07:33:00,58250.73000,58250.73000,58175.54000,58199.97000,50
2021-05-08 07:32:00,58171.51000,58285.00000,58171.51000,58250.73000,75
2021-05-08 07:31:00,58157.89000,58200.00000,58131.23000,58171.52000,61
2021-05-08 07:30:00,58068.69000,58157.18000,58018.26000,58157.18000,60
2021-05-08 07:29:00,57998.04000,58100.00000,57998.04000,58068.69000,65
2021-05-08 07:28:00,58013.39000,58064.50000,57988.82000,57995.72000,65
2021-05-08 07:27:00,57933.45000,58048.13000,57919.55000,58013.39000,70
2021-05-08 07:26:00,57879.29000,57936.36000,57879.29000,57933.46000,39
2021-05-08 07:25:00,57888.09000,57888.82000,57854.99000,57879.29000,34
2021-05-08 07:24:00,57906.75000,57942.44000,57880.00000,57888.10000,32
2021-05-08 07:23:00,57922.70000,57922.70000,57888.00000,57906.75000,21
2021-05-08 07:22:00,57938.11000,57942.53000,57908.22000,57922.70000,20
2021-05-08 07:21:00,57962.82000,57976.50000,57927.70000,57938.11000,40
2021-05-08 07:20:00,57890.03000,57962.83000,57889.99000,57962.82000,44
2021-05-08 07:19:00,57868.09000,57914.32000,57837.13000,57890.02000,64
2021-05-08 07:18:00,57799.42000,57875.91000,57799.40000,57868.08000,55
2021-05-08 07:17:00,57771.06000,57799.43000,57771.04000,57799.43000,14
2021-05-08 07:16:00,57751.06000,57777.31000,57743.24000,57771.06000,26
2021-05-08 07:15:00,57754.18000,57761.27000,57722.10000,57748.17000,23
2021-05-08 07:14:00,57690.31000,57759.44000,57690.30000,57754.18000,29
2021-05-08 07:13:00,57669.99000,57700.00000,57662.51000,57690.30000,28
2021-05-08 07:12:00,57698.18000,57708.40000,57665.11000,57670.00000,33
2021-05-08 07:11:00,57666.09000,57708.42000,57650.17000,57698.18000,27
2021-05-08 07:10:00,57661.26000,57674.41000,57661.20000,57666.09000,15
2021-05-08 07:09:00,57630.84000,57674.41000,57627.24000,57661.26000,27
2021-05-08 07:08:00,57614.51000,57659.82000,57607.40000,57630.84000,21
2021-05-08 07:07:00,57639.85000,57671.74000,57605.39000,57613.78000,23
2021-05-08 07:06:00,57760.30000,57760.30000,57642.52000,57643.21000,25
2021-05-08 07:05:00,57765.19000,57774.26000,57739.96000,57760.29000,31
2021-05-08 07:04:00,57616.69000,57800.00000,57604.06000,57771.14000,57
2021-05-08 07:03:00,57666.00000,57666.01000,57610.00000,57616.68000,24
2021-05-08 07:02:00,57695.19000,57697.61000,57666.00000,57666.00000,19
2021-05-08 07:01:00,57744.21000,57744.22000,57692.26000,57695.99000,21
2021-05-08 07:00:00,57804.09000,57804.09000,57727.85000,57744.21000,66
2021-05-08 06:59:00,57772.14000,57805.07000,57745.90000,57804.10000,32
2021-05-08 06:58:00,57744.92000,57794.09000,57744.92000,57772.13000,22
2021-05-08 06:57:00,57747.47000,57757.21000,57741.52000,57744.93000,12
2021-05-08 06:56:00,57767.91000,57767.92000,57731.01000,57747.47000,21
2021-05-08 06:55:00,57778.69000,57800.00000,57744.39000,57767.91000,56
2021-05-08 06:54:00,57704.99000,57778.69000,57704.99000,57778.69000,23
2021-05-08 06:53:00,57678.40000,57722.43000,57678.40000,57704.99000,15
2021-05-08 06:52:00,57679.84000,57699.69000,57666.58000,57678.41000,20
2021-05-08 06:51:00,57650.00000,57690.60000,57650.00000,57679.84000,30
2021-05-08 06:50:00,57676.41000,57678.29000,57650.00000,57650.00000,30
2021-05-08 06:49:00,57667.34000,57678.43000,57663.00000,57676.41000,20
2021-05-08 06:48:00,57682.22000,57692.17000,57665.03000,57667.35000,17
2021-05-08 06:47:00,57644.19000,57687.85000,57640.26000,57681.97000,43
2021-05-08 06:46:00,57645.96000,57682.99000,57617.14000,57644.18000,70
2021-05-08 06:45:00,57729.82000,57729.83000,57635.95000,57645.95000,23
2021-05-08 06:44:00,57747.77000,57766.99000,57705.00000,57727.00000,48
2021-05-08 06:43:00,57705.95000,57747.77000,57691.46000,57747.77000,30
2021-05-08 06:42:00,57702.71000,57715.00000,57691.10000,57705.96000,22
2021-05-08 06:41:00,57679.60000,57702.91000,57675.76000,57702.71000,13
2021-05-08 06:40:00,57680.02000,57684.20000,57664.63000,57679.59000,12
2021-05-08 06:39:00,57643.05000,57706.10000,57627.37000,57680.03000,29
2021-05-08 06:38:00,57659.99000,57663.15000,57624.19000,57643.05000,15
2021-05-08 06:37:00,57558.63000,57660.00000,57550.23000,57660.00000,50
2021-05-08 06:36:00,57636.43000,57636.43000,57500.00000,57558.63000,170
2021-05-08 06:35:00,57690.70000,57690.70000,57632.67000,57636.43000,15
2021-05-08 06:34:00,57639.77000,57699.88000,57639.77000,57690.70000,15
2021-05-08 06:33:00,57666.63000,57672.87000,57625.62000,57639.77000,19
2021-05-08 06:32:00,57709.27000,57709.27000,57654.54000,57666.63000,29
2021-05-08 06:31:00,57708.42000,57728.14000,57697.44000,57709.27000,26
2021-05-08 06:30:00,57760.53000,57760.53000,57688.68000,57708.43000,24
2021-05-08 06:29:00,57752.39000,57761.78000,57736.54000,57760.52000,22
2021-05-08 06:28:00,57734.66000,57762.00000,57734.66000,57752.40000,14
2021-05-08 06:27:00,57709.14000,57737.39000,57708.42000,57734.66000,24
2021-05-08 06:26:00,57730.00000,57730.01000,57700.00000,57709.14000,12
2021-05-08 06:25:00,57699.42000,57730.04000,57687.21000,57730.00000,23
2021-05-08 06:24:00,57699.97000,57700.05000,57689.52000,57699.42000,19
2021-05-08 06:23:00,57682.22000,57709.45000,57675.52000,57699.97000,23
2021-05-08 06:22:00,57675.81000,57694.77000,57641.79000,57682.21000,39
2021-05-08 06:21:00,57608.95000,57692.07000,57608.95000,57675.81000,65
2021-05-08 06:20:00,57639.44000,57656.50000,57569.31000,57608.95000,66
2021-05-08 06:19:00,57688.01000,57688.02000,57600.00000,57639.45000,52
2021-05-08 06:18:00,57732.04000,57739.99000,57688.01000,57688.02000,22
2021-05-08 06:17:00,57712.89000,57740.00000,57694.87000,57737.59000,32
2021-05-08 06:16:00,57649.96000,57758.00000,57647.44000,57712.89000,54
2021-05-08 06:15:00,57749.48000,57749.49000,57649.95000,57649.95000,30
2021-05-08 06:14:00,57778.73000,57780.00000,57749.48000,57749.49000,26
2021-05-08 06:13:00,57702.14000,57783.05000,57700.72000,57778.73000,25
2021-05-08 06:12:00,57740.33000,57764.01000,57680.00000,57702.14000,47
2021-05-08 06:11:00,57847.59000,57847.60000,57716.21000,57740.33000,53
2021-05-08 06:10:00,57845.16000,57875.99000,57838.06000,57847.59000,12
2021-05-08 06:09:00,57876.89000,57880.45000,57845.16000,57845.17000,15
2021-05-08 06:08:00,57866.07000,57890.97000,57842.30000,57876.88000,18
2021-05-08 06:07:00,57837.77000,57875.48000,57825.00000,57866.07000,30
2021-05-08 06:06:00,57844.56000,57845.56000,57829.87000,57837.76000,19
2021-05-08 06:05:00,57909.39000,57918.11000,57838.00000,57844.55000,32
2021-05-08 06:04:00,57952.86000,57958.07000,57881.21000,57909.39000,24
2021-05-08 06:03:00,57920.95000,57975.31000,57902.73000,57952.85000,18
2021-05-08 06:02:00,57919.79000,57921.00000,57891.34000,57921.00000,22
2021-05-08 06:01:00,57873.03000,57924.17000,57873.01000,57919.80000,18
2021-05-08 06:00:00,57877.97000,57877.98000,57840.11000,57873.04000,27
2021-05-08 05:59:00,57916.17000,57916.17000,57850.00000,57877.97000,42
2021-05-08 05:58:00,57916.33000,57924.18000,57916.08000,57916.17000,11
2021-05-08 05:57:00,57856.45000,57923.13000,57850.00000,57916.32000,50
2021-05-08 05:56:00,57810.27000,57863.15000,57800.12000,57858.44000,46
2021-05-08 05:55:00,57880.56000,57880.57000,57810.27000,57810.27000,19
2021-05-08 05:54:00,57862.41000,57905.31000,57862.40000,57880.57000,24
2021-05-08 05:53:00,57858.32000,57886.96000,57851.01000,57862.41000,15
2021-05-08 05:52:00,57925.48000,57926.69000,57852.17000,57858.33000,18
2021-05-08 05:51:00,57897.00000,57935.15000,57885.09000,57925.48000,17
2021-05-08 05:50:00,57924.00000,57928.62000,57892.85000,57897.00000,21
2021-05-08 05:49:00,57960.58000,57973.89000,57905.66000,57924.01000,30
2021-05-08 05:48:00,57949.99000,57987.25000,57945.21000,57960.59000,31
2021-05-08 05:47:00,57933.31000,57984.12000,57921.35000,57950.00000,43
2021-05-08 05:46:00,57908.48000,57963.38000,57903.45000,57934.20000,29
2021-05-08 05:45:00,57815.22000,57912.81000,57815.22000,57908.47000,31
2021-05-08 05:44:00,57850.23000,57859.50000,57815.22000,57815.22000,26
2021-05-08 05:43:00,57851.60000,57867.35000,57850.01000,57850.23000,15
2021-05-08 05:42:00,57921.00000,57923.71000,57850.09000,57851.61000,14
2021-05-08 05:41:00,57870.01000,57929.72000,57870.00000,57921.01000,19
2021-05-08 05:40:00,57877.58000,57879.19000,57843.25000,57870.01000,20
2021-05-08 05:39:00,57936.62000,57951.48000,57867.59000,57877.59000,25
2021-05-08 05:38:00,57912.68000,57943.26000,57911.00000,57936.61000,22
2021-05-08 05:37:00,57905.63000,57939.49000,57903.07000,57912.66000,16
2021-05-08 05:36:00,57902.53000,57905.68000,57882.37000,57905.64000,23
2021-05-08 05:35:00,57882.22000,57906.08000,57882.21000,57902.54000,17
2021-05-08 05:34:00,57850.37000,57897.94000,57850.37000,57882.21000,26
2021-05-08 05:33:00,57879.83000,57884.94000,57827.36000,57850.38000,31
2021-05-08 05:32:00,57846.96000,57884.39000,57846.95000,57879.84000,24
2021-05-08 05:31:00,57876.71000,57876.71000,57791.00000,57846.96000,150
2021-05-08 05:30:00,57892.54000,57892.54000,57850.04000,57876.71000,30
2021-05-08 05:29:00,57860.00000,57898.17000,57850.00000,57892.54000,24
2021-05-08 05:28:00,57845.01000,57888.50000,57840.00000,57860.00000,48
2021-05-08 05:27:00,57901.92000,57912.47000,57840.00000,57845.00000,19
2021-05-08 05:26:00,57931.70000,57934.60000,57901.60000,57901.93000,18
2021-05-08 05:25:00,57906.42000,57949.94000,57906.41000,57931.70000,20
2021-05-08 05:24:00,57924.82000,57935.54000,57886.05000,57906.42000,35
2021-05-08 05:23:00,57949.38000,57959.83000,57921.57000,57924.81000,48
2021-05-08 05:22:00,57900.00000,57954.17000,57855.76000,57949.38000,35
2021-05-08 05:21:00,57905.36000,57934.92000,57898.92000,57899.99000,48
2021-05-08 05:20:00,57882.58000,57925.88000,57869.04000,57905.36000,40
2021-05-08 05:19:00,57832.47000,57889.77000,57832.47000,57882.58000,20
2021-05-08 05:18:00,57832.58000,57877.31000,57821.64000,57832.47000,37
2021-05-08 05:17:00,57894.76000,57917.75000,57802.29000,57832.59000,49
2021-05-08 05:16:00,57930.51000,57930.51000,57892.52000,57894.77000,25
2021-05-08 05:15:00,57927.10000,57945.66000,57909.00000,57930.51000,24
2021-05-08 05:14:00,57901.04000,57937.37000,57896.75000,57927.10000,24
2021-05-08 05:13:00,57940.04000,57940.04000,57893.59000,57901.05000,28
2021-05-08 05:12:00,57958.72000,57995.34000,57944.17000,57947.01000,45
2021-05-08 05:11:00,57933.85000,57973.98000,57918.59000,57958.71000,30
2021-05-08 05:10:00,57950.01000,57950.01000,57900.65000,57933.86000,16
2021-05-08 05:09:00,57916.67000,57990.58000,57909.61000,57950.01000,32
2021-05-08 05:08:00,57899.87000,57977.78000,57895.75000,57916.67000,31
2021-05-08 05:07:00,57853.31000,57935.40000,57850.43000,57899.87000,46
2021-05-08 05:06:00,57875.80000,57900.00000,57850.98000,57853.30000,32
2021-05-08 05:05:00,57953.23000,57985.21000,57850.69000,57874.56000,42
2021-05-08 05:04:00,57948.89000,57966.62000,57930.86000,57956.71000,28
2021-05-08 05:03:00,57943.77000,57980.03000,57940.71000,57948.89000,37
2021-05-08 05:02:00,57930.53000,57983.68000,57926.80000,57943.77000,21
2021-05-08 05:01:00,58004.28000,58004.29000,57902.17000,57930.53000,62
2021-05-08 05:00:00,58057.01000,58067.32000,57980.93000,58004.28000,61
2021-05-08 04:59:00,58056.22000,58081.53000,58040.48000,58057.02000,39
2021-05-08 04:58:00,58012.02000,58100.00000,58011.33000,58056.21000,49
2021-05-08 04:57:00,58000.03000,58036.16000,57998.50000,58012.01000,41
2021-05-08 04:56:00,58020.14000,58023.39000,57999.79000,58000.03000,20
2021-05-08 04:55:00,57994.01000,58046.99000,57994.01000,58020.13000,32
2021-05-08 04:54:00,58058.27000,58071.40000,57993.62000,57993.63000,36
2021-05-08 04:53:00,58056.57000,58105.98000,58025.94000,58057.73000,33
2021-05-08 04:52:00,58067.13000,58078.27000,58050.17000,58056.57000,26
2021-05-08 04:51:00,58003.92000,58072.35000,58003.92000,58067.14000,42
2021-05-08 04:50:00,58050.00000,58092.08000,58003.92000,58003.92000,39
2021-05-08 04:49:00,58092.27000,58095.96000,58022.09000,58050.00000,34
2021-05-08 04:48:00,58113.37000,58129.46000,58091.98000,58092.27000,28
2021-05-08 04:47:00,58185.99000,58188.90000,58100.51000,58113.37000,31
2021-05-08 04:46:00,58132.55000,58186.00000,58121.93000,58185.99000,19
2021-05-08 04:45:00,58214.98000,58217.66000,58112.21000,58131.33000,58
2021-05-08 04:44:00,58209.17000,58222.26000,58200.00000,58214.98000,15
2021-05-08 04:43:00,58241.10000,58241.10000,58200.38000,58209.17000,16
2021-05-08 04:42:00,58254.37000,58263.52000,58234.83000,58241.10000,26
2021-05-08 04:41:00,58268.01000,58269.99000,58252.27000,58254.38000,22
2021-05-08 04:40:00,58273.81000,58273.81000,58255.00000,58268.01000,19
2021-05-08 04:39:00,58270.00000,58306.89000,58270.00000,58273.80000,19
2021-05-08 04:38:00,58312.80000,58314.95000,58254.23000,58270.00000,21
2021-05-08 04:37:00,58369.36000,58369.38000,58312.81000,58312.81000,21
2021-05-08 04:36:00,58320.54000,58390.01000,58306.89000,58369.23000,43
2021-05-08 04:35:00,58287.98000,58330.06000,58276.23000,58320.54000,44
2021-05-08 04:34:00,58248.10000,58294.41000,58209.47000,58287.97000,30
2021-05-08 04:33:00,58235.01000,58306.92000,58219.14000,58248.11000,44
2021-05-08 04:32:00,58279.98000,58322.15000,58200.89000,58235.00000,31
2021-05-08 04:31:00,58334.89000,58339.30000,58265.19000,58279.98000,22
2021-05-08 04:30:00,58329.73000,58398.89000,58329.71000,58334.89000,26
2021-05-08 04:29:00,58340.31000,58363.57000,58299.68000,58331.48000,31
2021-05-08 04:28:00,58371.14000,58393.91000,58335.30000,58340.31000,30
2021-05-08 04:27:00,58431.08000,58443.70000,58363.28000,58371.14000,25
2021-05-08 04:26:00,58397.05000,58499.99000,58390.01000,58431.08000,71
2021-05-08 04:25:00,58406.85000,58440.88000,58374.46000,58399.80000,27
2021-05-08 04:24:00,58382.49000,58429.34000,58340.00000,58406.85000,28
2021-05-08 04:23:00,58452.49000,58453.11000,58367.00000,58382.50000,63
2021-05-08 04:22:00,58494.17000,58504.36000,58425.34000,58450.01000,58
2021-05-08 04:21:00,58589.18000,58599.99000,58461.00000,58494.17000,64
2021-05-08 04:20:00,58524.99000,58599.99000,58511.55000,58589.18000,99
2021-05-08 04:19:00,58400.00000,58535.47000,58400.00000,58524.99000,163
2021-05-08 04:18:00,58298.89000,58460.00000,58296.24000,58400.00000,142
2021-05-08 04:17:00,58109.23000,58298.90000,58102.02000,58298.90000,63
2021-05-08 04:16:00,58178.66000,58178.67000,58102.00000,58105.30000,40
2021-05-08 04:15:00,58172.20000,58221.17000,58145.08000,58178.66000,73
2021-05-08 04:14:00,58144.66000,58200.00000,58121.79000,58172.21000,37
2021-05-08 04:13:00,58099.58000,58144.88000,58099.57000,58142.44000,26
2021-05-08 04:12:00,58062.64000,58148.62000,58057.38000,58099.48000,34
2021-05-08 04:11:00,58027.10000,58077.00000,58027.10000,58062.64000,20
2021-05-08 04:10:00,58062.04000,58062.04000,58024.00000,58024.04000,18
2021-05-08 04:09:00,58010.22000,58067.37000,58010.22000,58062.03000,22
2021-05-08 04:08:00,57975.62000,58050.00000,57975.61000,58005.62000,25
2021-05-08 04:07:00,57972.15000,57991.94000,57967.46000,57977.07000,24
2021-05-08 04:06:00,57965.61000,57976.14000,57950.35000,57972.15000,32
2021-05-08 04:05:00,58014.67000,58014.68000,57955.00000,57965.62000,48
2021-05-08 04:04:00,57976.53000,58017.49000,57976.53000,58014.68000,32
2021-05-08 04:03:00,58046.99000,58055.24000,57975.64000,57976.54000,55
2021-05-08 04:02:00,58048.47000,58065.35000,58000.71000,58047.00000,34
2021-05-08 04:01:00,58074.64000,58074.64000,58042.84000,58048.47000,32
2021-05-08 04:00:00,58099.86000,58107.82000,58050.02000,58074.63000,25
2021-05-08 03:59:00,58153.29000,58153.29000,58076.52000,58099.98000,19
2021-05-08 03:58:00,58050.00000,58168.02000,58050.00000,58153.29000,52
2021-05-08 03:57:00,58070.16000,58091.44000,58000.00000,58050.01000,54
2021-05-08 03:56:00,58092.07000,58092.07000,58050.00000,58070.17000,15
2021-05-08 03:55:00,58091.40000,58100.00000,58082.41000,58092.08000,21
2021-05-08 03:54:00,58061.90000,58109.11000,58056.96000,58091.41000,18
2021-05-08 03:53:00,58047.04000,58062.36000,58015.55000,58061.89000,20
2021-05-08 03:52:00,58008.02000,58066.00000,58008.02000,58047.05000,21
2021-05-08 03:51:00,58042.69000,58042.70000,58000.02000,58008.02000,15
2021-05-08 03:50:00,58082.92000,58098.05000,58035.37000,58042.70000,37
2021-05-08 03:49:00,58085.43000,58099.19000,58079.64000,58082.92000,15
2021-05-08 03:48:00,58100.76000,58113.75000,58085.42000,58085.44000,20
2021-05-08 03:47:00,58114.93000,58146.09000,58100.74000,58100.76000,20
2021-05-08 03:46:00,58200.03000,58200.03000,58114.06000,58115.41000,21
2021-05-08 03:45:00,58154.84000,58210.00000,58154.84000,58200.03000,20
2021-05-08 03:44:00,58192.55000,58192.55000,58144.80000,58154.84000,22
2021-05-08 03:43:00,58241.24000,58244.95000,58189.26000,58192.56000,17
2021-05-08 03:42:00,58091.52000,58251.37000,58091.52000,58241.24000,73
2021-05-08 03:41:00,58112.72000,58119.98000,58083.24000,58091.53000,28
2021-05-08 03:40:00,58075.18000,58112.73000,58027.64000,58112.72000,48
2021-05-08 03:39:00,58109.63000,58109.64000,58075.18000,58075.18000,11
2021-05-08 03:38:00,58114.26000,58187.49000,58087.81000,58109.63000,39
2021-05-08 03:37:00,58045.38000,58120.00000,58023.17000,58119.96000,31
2021-05-08 03:36:00,58022.83000,58047.68000,58012.84000,58045.38000,11
2021-05-08 03:35:00,58002.49000,58050.00000,58000.00000,58022.84000,31
2021-05-08 03:34:00,57999.99000,58037.51000,57999.98000,58002.50000,27
2021-05-08 03:33:00,57986.10000,58034.71000,57980.94000,57999.99000,44
2021-05-08 03:32:00,58094.41000,58094.41000,57984.54000,57986.10000,57
2021-05-08 03:31:00,58123.35000,58177.98000,58094.39000,58094.41000,28
2021-05-08 03:30:00,58072.20000,58127.25000,58072.20000,58123.34000,40
2021-05-08 03:29:00,58093.50000,58100.40000,58066.36000,58072.21000,21
2021-05-08 03:28:00,58110.02000,58130.13000,58087.90000,58093.50000,21
2021-05-08 03:27:00,58104.99000,58129.97000,58104.12000,58110.02000,20
2021-05-08 03:26:00,58158.81000,58158.85000,58101.12000,58104.05000,30
2021-05-08 03:25:00,58186.96000,58228.60000,58151.62000,58158.80000,49
2021-05-08 03:24:00,58180.44000,58190.00000,58167.58000,58186.97000,17
2021-05-08 03:23:00,58164.85000,58187.09000,58151.32000,58180.43000,31
2021-05-08 03:22:00,58190.66000,58197.66000,58158.85000,58164.86000,17
2021-05-08 03:21:00,58165.31000,58227.86000,58165.30000,58190.66000,64
2021-05-08 03:20:00,58164.84000,58199.97000,58145.92000,58165.30000,53
2021-05-08 03:19:00,58154.47000,58175.00000,58139.75000,58164.83000,37
2021-05-08 03:18:00,58175.00000,58175.01000,58130.36000,58154.46000,37
2021-05-08 03:17:00,58166.31000,58200.00000,58100.00000,58175.01000,77
2021-05-08 03:16:00,58208.94000,58232.77000,58145.61000,58166.31000,56
2021-05-08 03:15:00,58294.50000,58294.50000,58188.23000,58208.72000,96
2021-05-08 03:14:00,58300.01000,58313.85000,58294.48000,58294.50000,43
2021-05-08 03:13:00,58318.14000,58319.99000,58280.00000,58300.01000,59
2021-05-08 03:12:00,58267.39000,58320.60000,58265.02000,58318.15000,44
2021-05-08 03:11:00,58265.00000,58299.99000,58265.00000,58267.40000,50
2021-05-08 03:10:00,58273.37000,58292.17000,58262.12000,58265.01000,38
2021-05-08 03:09:00,58264.70000,58315.97000,58246.44000,58269.65000,50
2021-05-08 03:08:00,58322.44000,58330.62000,58250.50000,58264.70000,54
2021-05-08 03:07:00,58342.35000,58349.18000,58288.29000,58322.43000,49
2021-05-08 03:06:00,58330.43000,58361.89000,58330.43000,58342.35000,41
2021-05-08 03:05:00,58329.76000,58394.44000,58320.00000,58330.43000,49
2021-05-08 03:04:00,58391.86000,58400.00000,58319.71000,58330.03000,63
2021-05-08 03:03:00,58352.75000,58400.00000,58346.35000,58391.90000,60
2021-05-08 03:02:00,58381.26000,58394.99000,58322.01000,58352.75000,52
2021-05-08 03:01:00,58332.31000,58396.51000,58313.56000,58374.10000,65
2021-05-08 03:00:00,58253.20000,58333.17000,58235.65000,58332.31000,63
2021-05-08 02:59:00,58195.04000,58273.12000,58181.25000,58253.20000,41
2021-05-08 02:58:00,58155.46000,58220.01000,58152.02000,58195.05000,50
2021-05-08 02:57:00,58159.70000,58171.47000,58122.11000,58155.45000,23
2021-05-08 02:56:00,58174.70000,58185.35000,58075.64000,58159.71000,57
2021-05-08 02:55:00,58166.95000,58200.00000,58166.94000,58174.69000,20
2021-05-08 02:54:00,58165.06000,58217.82000,58160.04000,58166.95000,41
2021-05-08 02:53:00,58213.49000,58221.40000,58144.27000,58166.35000,32
2021-05-08 02:52:00,58292.58000,58310.29000,58156.79000,58213.50000,97
2021-05-08 02:51:00,58191.70000,58298.00000,58191.70000,58292.58000,105
2021-05-08 02:50:00,58059.58000,58237.97000,58059.57000,58191.69000,152
2021-05-08 02:49:00,58064.03000,58100.00000,58033.00000,58059.58000,62
2021-05-08 02:48:00,57997.46000,58086.13000,57993.41000,58064.04000,117
2021-05-08 02:47:00,57964.02000,58000.00000,57960.00000,57997.45000,77
2021-05-08 02:46:00,57871.10000,57964.06000,57850.01000,57964.03000,57
2021-05-08 02:45:00,57953.06000,57968.56000,57867.98000,57871.10000,53
2021-05-08 02:44:00,57875.56000,57980.00000,57875.55000,57948.19000,77
2021-05-08 02:43:00,57802.16000,57894.43000,57796.44000,57875.56000,57
2021-05-08 02:42:00,57843.11000,57843.11000,57785.81000,57802.17000,21
2021-05-08 02:41:00,57756.63000,57849.99000,57747.37000,57846.87000,28
2021-05-08 02:40:00,57748.58000,57775.53000,57743.01000,57756.62000,51
2021-05-08 02:39:00,57771.03000,57807.13000,57724.55000,57748.58000,32
2021-05-08 02:38:00,57750.01000,57783.41000,57732.45000,57771.03000,38
2021-05-08 02:37:00,57772.61000,57816.92000,57750.00000,57750.01000,29
2021-05-08 02:36:00,57887.99000,57912.87000,57772.61000,57772.62000,38
2021-05-08 02:35:00,57818.08000,57888.00000,57818.08000,57887.99000,41
2021-05-08 02:34:00,57788.61000,57848.02000,57769.99000,57818.08000,49
2021-05-08 02:33:00,57725.89000,57789.44000,57708.42000,57786.12000,56
2021-05-08 02:32:00,57608.78000,57725.89000,57608.78000,57725.88000,56
2021-05-08 02:31:00,57649.99000,57678.99000,57608.78000,57608.78000,23
2021-05-08 02:30:00,57596.30000,57656.75000,57588.66000,57649.99000,36
2021-05-08 02:29:00,57629.63000,57645.98000,57596.30000,57596.31000,18
2021-05-08 02:28:00,57650.04000,57666.87000,57611.89000,57629.63000,18
2021-05-08 02:27:00,57676.38000,57713.53000,57650.00000,57650.04000,32
2021-05-08 02:26:00,57618.31000,57685.10000,57618.30000,57676.37000,29
2021-05-08 02:25:00,57580.65000,57629.97000,57578.08000,57618.30000,36
2021-05-08 02:24:00,57555.01000,57606.35000,57555.00000,57580.65000,23
2021-05-08 02:23:00,57560.43000,57567.94000,57555.00000,57555.00000,20
2021-05-08 02:22:00,57521.36000,57574.51000,57517.69000,57560.42000,38
2021-05-08 02:21:00,57601.11000,57608.31000,57507.92000,57521.35000,29
2021-05-08 02:20:00,57579.41000,57639.60000,57528.19000,57603.71000,56
2021-05-08 02:19:00,57531.73000,57599.99000,57517.68000,57577.28000,52
2021-05-08 02:18:00,57607.98000,57607.99000,57529.74000,57531.72000,39
2021-05-08 02:17:00,57554.13000,57625.88000,57554.12000,57607.98000,40
2021-05-08 02:16:00,57615.49000,57636.66000,57554.16000,57554.16000,39
2021-05-08 02:15:00,57643.23000,57643.23000,57605.00000,57615.49000,26
2021-05-08 02:14:00,57622.65000,57646.73000,57605.01000,57643.22000,32
2021-05-08 02:13:00,57706.87000,57720.71000,57622.64000,57622.65000,53
2021-05-08 02:12:00,57665.99000,57722.11000,57665.98000,57706.86000,42
2021-05-08 02:11:00,57635.38000,57665.99000,57631.40000,57665.98000,30
2021-05-08 02:10:00,57613.81000,57637.47000,57604.67000,57635.37000,29
2021-05-08 02:09:00,57547.92000,57643.85000,57547.92000,57613.81000,46
2021-05-08 02:08:00,57500.53000,57571.28000,57500.52000,57547.93000,44
2021-05-08 02:07:00,57546.79000,57553.15000,57500.34000,57500.53000,19
2021-05-08 02:06:00,57571.25000,57571.25000,57546.79000,57546.80000,12
2021-05-08 02:05:00,57592.96000,57595.63000,57564.66000,57571.25000,29
2021-05-08 02:04:00,57614.87000,57618.00000,57592.95000,57592.96000,18
2021-05-08 02:03:00,57626.61000,57635.00000,57590.57000,57614.88000,23
2021-05-08 02:02:00,57624.31000,57654.99000,57621.59000,57626.62000,30
2021-05-08 02:01:00,57584.84000,57629.78000,57573.42000,57624.31000,25
2021-05-08 02:00:00,57558.90000,57584.93000,57540.79000,57584.84000,17
2021-05-08 01:59:00,57590.90000,57601.79000,57543.00000,57558.89000,32
2021-05-08 01:58:00,57648.96000,57670.84000,57590.84000,57590.90000,31
2021-05-08 01:57:00,57600.17000,57657.60000,57596.10000,57648.95000,31
2021-05-08 01:56:00,57611.46000,57611.46000,57590.15000,57600.16000,15
2021-05-08 01:55:00,57605.91000,57619.50000,57590.16000,57611.46000,17
2021-05-08 01:54:00,57586.60000,57619.37000,57579.53000,57605.92000,15
2021-05-08 01:53:00,57606.54000,57615.58000,57586.59000,57586.60000,23
2021-05-08 01:52:00,57649.20000,57649.23000,57606.13000,57606.54000,27
2021-05-08 01:51:00,57632.92000,57663.96000,57625.05000,57649.19000,22
2021-05-08 01:50:00,57666.08000,57678.71000,57600.00000,57632.92000,74
2021-05-08 01:49:00,57666.00000,57680.03000,57666.00000,57666.07000,31
2021-05-08 01:48:00,57666.02000,57695.01000,57666.00000,57666.01000,44
2021-05-08 01:47:00,57701.92000,57707.13000,57666.00000,57666.01000,69
2021-05-08 01:46:00,57706.70000,57734.14000,57701.15000,57701.91000,32
2021-05-08 01:45:00,57767.71000,57767.72000,57690.63000,57706.69000,31
2021-05-08 01:44:00,57755.61000,57788.79000,57750.91000,57767.71000,46
2021-05-08 01:43:00,57713.87000,57765.40000,57695.01000,57755.61000,44
2021-05-08 01:42:00,57705.70000,57721.91000,57687.10000,57713.86000,33
2021-05-08 01:41:00,57695.43000,57721.10000,57693.28000,57705.70000,26
2021-05-08 01:40:00,57691.20000,57717.52000,57680.39000,57695.43000,38
2021-05-08 01:39:00,57605.76000,57708.28000,57605.76000,57691.21000,38
2021-05-08 01:38:00,57625.54000,57630.00000,57605.65000,57612.57000,26
2021-05-08 01:37:00,57588.25000,57629.98000,57573.08000,57625.54000,38
2021-05-08 01:36:00,57593.86000,57599.96000,57568.00000,57588.25000,28
2021-05-08 01:35:00,57553.28000,57600.00000,57553.28000,57593.85000,34
2021-05-08 01:34:00,57542.66000,57553.00000,57500.00000,57553.00000,28
2021-05-08 01:33:00,57533.42000,57558.99000,57528.00000,57546.51000,23
2021-05-08 01:32:00,57470.84000,57544.07000,57470.84000,57533.41000,19
2021-05-08 01:31:00,57495.47000,57501.39000,57424.01000,57470.83000,25
2021-05-08 01:30:00,57517.50000,57554.27000,57495.45000,57495.46000,23
2021-05-08 01:29:00,57529.55000,57539.71000,57513.36000,57517.50000,15
2021-05-08 01:28:00,57520.52000,57537.68000,57498.17000,57529.55000,22
2021-05-08 01:27:00,57525.23000,57536.60000,57512.40000,57520.52000,19
2021-05-08 01:26:00,57536.62000,57543.86000,57512.40000,57525.23000,21
2021-05-08 01:25:00,57545.22000,57548.86000,57524.02000,57536.61000,18
2021-05-08 01:24:00,57525.07000,57553.00000,57512.40000,57545.22000,36
2021-05-08 01:23:00,57548.54000,57548.55000,57516.34000,57525.07000,28
2021-05-08 01:22:00,57538.98000,57558.25000,57514.99000,57548.54000,22
2021-05-08 01:21:00,57583.60000,57590.48000,57520.62000,57538.98000,50
2021-05-08 01:20:00,57549.95000,57583.61000,57520.61000,57583.61000,41
2021-05-08 01:19:00,57533.77000,57559.97000,57524.02000,57549.95000,26
2021-05-08 01:18:00,57560.01000,57589.99000,57519.32000,57533.77000,39
2021-05-08 01:17:00,57559.68000,57566.25000,57541.56000,57560.00000,21
2021-05-08 01:16:00,57572.41000,57592.59000,57540.88000,57552.54000,31
2021-05-08 01:15:00,57610.67000,57610.68000,57558.99000,57572.42000,21
2021-05-08 01:14:00,57589.01000,57614.87000,57589.00000,57610.67000,11
2021-05-08 01:13:00,57614.87000,57617.02000,57583.17000,57589.00000,17
2021-05-08 01:12:00,57563.01000,57626.30000,57563.00000,57614.87000,21
2021-05-08 01:11:00,57642.60000,57647.79000,57555.00000,57563.01000,31
2021-05-08 01:10:00,57642.80000,57649.95000,57621.14000,57642.60000,20
2021-05-08 01:09:00,57634.92000,57650.01000,57626.33000,57642.81000,24
2021-05-08 01:08:00,57614.06000,57634.92000,57609.94000,57634.92000,20
2021-05-08 01:07:00,57624.02000,57635.85000,57578.46000,57614.06000,21
2021-05-08 01:06:00,57624.62000,57666.22000,57608.13000,57624.58000,21
2021-05-08 01:05:00,57591.83000,57626.66000,57568.65000,57624.61000,20
2021-05-08 01:04:00,57589.16000,57614.04000,57571.42000,57591.75000,32
2021-05-08 01:03:00,57620.30000,57624.36000,57589.10000,57589.17000,15
2021-05-08 01:02:00,57590.52000,57661.57000,57590.00000,57620.30000,35
2021-05-08 01:01:00,57628.40000,57628.48000,57561.62000,57597.21000,29
2021-05-08 01:00:00,57700.53000,57727.88000,57618.58000,57628.41000,33
2021-05-08 00:59:00,57655.35000,57761.78000,57647.55000,57700.78000,31
2021-05-08 00:58:00,57654.60000,57702.56000,57640.64000,57653.59000,33
2021-05-08 00:57:00,57632.48000,57675.29000,57622.41000,57654.60000,23
2021-05-08 00:56:00,57579.29000,57634.44000,57574.59000,57634.43000,19
2021-05-08 00:55:00,57578.45000,57618.74000,57571.31000,57579.30000,47
2021-05-08 00:54:00,57584.79000,57616.41000,57560.81000,57578.45000,38
2021-05-08 00:53:00,57612.25000,57658.03000,57571.92000,57583.02000,24
2021-05-08 00:52:00,57637.57000,57637.58000,57596.16000,57612.25000,29
2021-05-08 00:51:00,57701.06000,57701.06000,57630.51000,57637.57000,42
2021-05-08 00:50:00,57750.78000,57750.80000,57658.55000,57701.06000,44
2021-05-08 00:49:00,57628.37000,57750.79000,57623.61000,57750.79000,90
2021-05-08 00:48:00,57585.42000,57700.00000,57557.49000,57628.38000,94
2021-05-08 00:47:00,57499.99000,57591.51000,57499.98000,57585.42000,69
2021-05-08 00:46:00,57463.33000,57500.02000,57458.75000,57499.99000,22
2021-05-08 00:45:00,57464.10000,57472.89000,57437.55000,57463.33000,26
2021-05-08 00:44:00,57460.07000,57465.07000,57434.20000,57461.02000,16
2021-05-08 00:43:00,57417.78000,57467.50000,57417.77000,57460.00000,32
2021-05-08 00:42:00,57439.21000,57499.68000,57414.56000,57417.78000,34
2021-05-08 00:41:00,57391.98000,57475.01000,57391.97000,57439.20000,29
2021-05-08 00:40:00,57380.00000,57438.13000,57380.00000,57391.97000,22
2021-05-08 00:39:00,57398.87000,57439.03000,57380.00000,57380.00000,24
2021-05-08 00:38:00,57470.31000,57483.54000,57379.92000,57398.87000,43
2021-05-08 00:37:00,57393.12000,57498.75000,57393.09000,57470.31000,34
2021-05-08 00:36:00,57433.49000,57438.42000,57393.12000,57393.13000,29
2021-05-08 00:35:00,57432.61000,57468.00000,57423.15000,57433.49000,17
2021-05-08 00:34:00,57549.99000,57562.61000,57429.04000,57432.61000,39
2021-05-08 00:33:00,57453.85000,57556.89000,57451.05000,57549.99000,32
2021-05-08 00:32:00,57445.64000,57497.16000,57411.30000,57453.85000,72
2021-05-08 00:31:00,57345.51000,57508.28000,57345.50000,57445.64000,54
2021-05-08 00:30:00,57273.87000,57351.61000,57272.40000,57345.51000,29
2021-05-08 00:29:00,57319.84000,57325.92000,57260.01000,57273.87000,21
2021-05-08 00:28:00,57365.59000,57381.72000,57283.38000,57317.20000,31
